 Model , Processor (Q1) , Chipset (Q2), 64-bit (Q3)? , UEFI (Q4)? , UEFI default native (Q5)? , UEFI version (Q6) , SecureBoot (Q7)? , SecureBoot default enabled (Q8)? , SecureBoot upgrade (Q9)? , Secure MOR (Q10)? , MemVirt (Q11)? , MemVirt default enabled (Q12)? , IOVirt (Q13)? , IOVirt default enabled (Q14)? , SLAT (Q15)? , TPM (Q16)? , TPM version (Q17) , TPM enabled default (Q18)? , TPM auto (Q19)? , PPI (Q20)? , PPI version (Q21), CG tested (Q22)? , DG tested (Q23)? , BIOS fix needed (Q24)? , BIOS version needed (Q25), UEFI WU (Q26)? , Win10 official (Q27)? , Win10 tested (Q28)? , WHCP (Q29)? , WHCP version (Q30) 
 Surface Book , [Core i7-6600U](http://ark.intel.com/products/88192/Intel-Core-i7-6600U-Processor-4M-Cache-up-to-3_40-GHz) , Skylake , Yes , Yes , Yes ,2.4, Yes , Yes , N/A ,No, Yes , Yes , Yes , Yes , Yes , Yes ,2, Yes , Yes , Yes ,1.2, Yes , Yes , No , N/A , Yes , Yes , N/A , Yes , Windows 10 
 Surface Book , [Core i5-6300U](http://ark.intel.com/products/88190/Intel-Core-i5-6300U-Processor-3M-Cache-up-to-3_00-GHz) , Skylake , Yes , Yes , Yes ,2.4, Yes , Yes , N/A ,No, Yes , Yes , Yes , Yes , Yes , Yes ,2, Yes , Yes , Yes ,1.2, Yes , Yes , No , N/A , Yes , Yes , N/A , Yes , Windows 10 
 Surface Pro 4 , [Core m3-6Y30](http://ark.intel.com/products/88198/Intel-Core-m3-6Y30-Processor-4M-Cache-up-to-2_20-GHz) , Skylake , Yes , Yes , Yes ,2.4, Yes , Yes , N/A ,Unknown, Yes , Yes , Yes , Yes , Yes , Yes ,2, Yes , Yes , Yes ,1.2, Yes , Yes , No , N/A , Yes , Yes , N/A , Yes , Windows 10 
 Surface Pro 4 , [Core i5-6300U](http://ark.intel.com/products/88190/Intel-Core-i5-6300U-Processor-3M-Cache-up-to-3_00-GHz) , Skylake , Yes , Yes , Yes ,2.4, Yes , Yes , N/A ,Unknown, Yes , Yes , Yes , Yes , Yes , Yes ,2, Yes , Yes , Yes ,1.2, Yes , Yes , No , N/A , Yes , Yes , N/A , Yes , Windows 10 
 Surface Pro 4 , [Core i7-6650U](http://ark.intel.com/products/91497/Intel-Core-i7-6650U-Processor-4M-Cache-up-to-3_40-GHz) , Skylake , Yes , Yes , Yes ,2.4, Yes , Yes , N/A ,Unknown, Yes , Yes , Yes , Yes , Yes , Yes ,2, Yes , Yes , Yes ,1.2, Yes , Yes , No , N/A , Yes , Yes , N/A , Yes , Windows 10 
 Surface Pro 3 , [Core i7-4650U](http://ark.intel.com/products/75114/Intel-Core-i7-4650U-Processor-4M-Cache-up-to-3_30-GHz) , Haswell , Yes , Yes , Yes ,2.3.1 Errata C, Yes , Yes , N/A ,Unknown, Yes , Yes , Yes , Yes , Yes , Yes ,2, Yes , Yes , Yes ,1.2, Unknown , Unknown , Unknown , Unknown , Yes , Yes , Yes , Yes , Windows 8.1 / Windows 10 
 Surface Pro 3 , [Core i5-4300U](http://ark.intel.com/products/76308/Intel-Core-i5-4300U-Processor-3M-Cache-up-to-2_90-GHz) , Haswell , Yes , Yes , Yes ,2.3.1 Errata C, Yes , Yes , N/A ,Unknown, Yes , Yes , Yes , Yes , Yes , Yes ,2, Yes , Yes , Yes ,1.2, Unknown , Unknown , Unknown , Unknown , Yes , Yes , Yes , Yes , Windows 8.1 / Windows 10 
 Surface Pro 3 , [Core i3-4020Y](http://ark.intel.com/products/76609/Intel-Core-i3-4020Y-Processor-3M-Cache-1_50-GHz) , Haswell , Yes , Yes , Yes ,2.3.1 Errata C, Yes , Yes , N/A ,Unknown, Yes , Yes , No , N/A , Yes , Yes ,2, Yes , Yes , Yes ,1.2, Unknown , Unknown , Unknown , Unknown , Yes , Yes , Yes , Yes , Windows 8.1 / Windows 10 
 Surface 3 , [Atom x7-Z8700](http://ark.intel.com/products/85475/Intel-Atom-x7-Z8700-Processor-2M-Cache-up-to-2_40-GHz) , Cherry Trail , Yes , Yes , Yes ,2.3.1 Errata C, Yes , Yes , N/A ,Unknown, Yes , Yes , No , N/A , No , Yes ,2, Yes , Yes , Yes ,1.2, No , No , No , N/A , Yes , Yes , Yes , Yes , Windows 10 
 Surface Pro 2 , [Core i5-4300U](http://ark.intel.com/products/76308/Intel-Core-i5-4300U-Processor-3M-Cache-up-to-2_90-GHz) , Haswell , Yes , Yes , Yes ,2.3.1 Errata C, Yes , Yes , N/A ,Unknown, Yes , Yes , Yes , Yes , Yes , Yes ,1.2, Yes , Yes , Yes ,1.2, Unknown , Unknown , Unknown , Unknown , Yes , Yes , Yes , Yes , Windows 8.1 
 Surface Pro 2 , [Core i5-4200U](http://ark.intel.com/products/75459/Intel-Core-i5-4200U-Processor-3M-Cache-up-to-2_60-GHz), Haswell , Yes , Yes , Yes ,2.3.1 Errata C, Yes , Yes , N/A ,Unknown, Yes , Yes , No  , N/A , Yes , Yes ,1.2, Yes , Yes , Yes ,1.2, Unknown , Unknown , Unknown , Unknown , Yes , Yes , Yes , Yes , Windows 8.1 
 Surface Pro , [Core i5-3317U](http://ark.intel.com/products/65707/Intel-Core-i5-3317U-Processor-3M-Cache-up-to-2_60-GHz) , Ivy Bridge , Yes , Yes , Yes ,2.3.1 Errata C, Yes , Yes , N/A ,Unknown, Yes , Yes , Yes , Yes , Yes , Yes ,1.2, Yes , Yes , Yes ,1.2, Unknown , Unknown , Unknown , Unknown , Yes , Yes , Yes , Yes , Windows 8
