<BackupInst xmlns="http://www.microsoft.com/GroupPolicy/GPOOperations/Manifest"><GPOGuid><![CDATA[{87876B88-0C9A-47F2-B61D-627990E9F413}]]></GPOGuid><GPODomain><![CDATA[SHB.GOV]]></GPODomain><GPODomainGuid><![CDATA[{8d113a86-7f83-4ded-9ad7-75122a34cf7e}]]></GPODomainGuid><GPODomainController><![CDATA[SRV.SHB.GOV]]></GPODomainController><BackupTime><![CDATA[2016-03-14T19:35:13]]></BackupTime><ID><![CDATA[{9D614C55-E361-45A1-87CB-09A2B1EED0C4}]]></ID><Comment><![CDATA[BtiLocker]]></Comment><GPODisplayName><![CDATA[BitLocker]]></GPODisplayName></BackupInst>
